<?xml version = "1.0" encoding = "utf-8"?>
<!DOCTYPE hibernate-mapping PUBLIC 
"-//Hibernate/Hibernate Mapping DTD//EN"
"http://www.hibernate.org/dtd/hibernate-mapping-3.0.dtd">

<hibernate-mapping>
	<class name="table.insert" table="user">
		<id name="id" column="id">
			<generator class="assigned" />
		</id>
		<property name="name" column="name" />
		<property name="age" column="age" />
		<property name="phone" column="phone" />
		<property name="email" column="email" />
		<property name="password" column="password" />
	</class>
</hibernate-mapping>